<?xml version="1.0"?>
<!-- Copyright 2010-2013 (c) IeAT, Siemens AG, AVANTSSAR and SPaCIoS consortia. -->
<!-- Licensed under the Apache License, Version 2.0. -->

<assembly
	xmlns="http://maven.apache.org/plugins/maven-assembly-plugin/assembly/1.1.0"
	xmlns:xsi="http://www.w3.org/2001/XMLSchema-instance"
	xsi:schemaLocation="http://maven.apache.org/plugins/maven-assembly-plugin/assembly/1.1.0 http://maven.apache.org/xsd/assembly-1.1.0.xsd">
	<id>jar-with-dependencies</id>
	<formats>
		<format>jar</format>
	</formats>
	<includeBaseDirectory>false</includeBaseDirectory>
	<dependencySets>
		<dependencySet>
			<unpack>true</unpack>
			<includes>
				<include>antlr:antlr:*</include>
				<include>org.antlr:antlr-runtime:*</include>
				<include>org.antlr:stringtemplate:*</include>
				<include>args4j:args4j:*</include>
				<include>log4j:log4j:*</include>
				<include>commons-io:commons-io:*</include>
				<include>xerces:xercesImpl:*</include>
				<include>xml-apis:xml-apis:*</include>
				<include>avantssar:aslan-commons:*</include>
				<include>avantssar:aslan-core:*</include>
			</includes>
			<scope>runtime</scope>
		</dependencySet>
	</dependencySets>
	<fileSets>
		<fileSet>
			<directory>${project.build.outputDirectory}</directory>
			<outputDirectory />
			<excludes>
				<exclude>**/*.xml</exclude>
				<exclude>**/*.g</exclude>
			</excludes>
		</fileSet>
	</fileSets>
</assembly>
